{
    "n_estimators": 79,
    "learning_rate": 0.1009667706076963,
    "num_leaves": 27,
    "max_depth": 6,
    "min_child_samples": 26,
    "subsample": 0.9620346738528996,
    "colsample_bytree": 0.8056581344291552
}