,precision,recall,f1-score,support
0,0.9307479224376731,0.8936170212765957,0.9118046132971506,376.0
1,0.5121951219512195,0.6268656716417911,0.5637583892617449,67.0
accuracy,0.8532731376975169,0.8532731376975169,0.8532731376975169,0.8532731376975169
macro avg,0.7214715221944463,0.7602413464591934,0.7377815012794477,443.0
weighted avg,0.8674453544182772,0.8532731376975169,0.8591655681270103,443.0
