Model,F1,ROC AUC,Precision,Recall
Base,0.5378151260504201,0.8755755795490632,0.6153846153846154,0.47761194029850745
Optimizado Ajustado,0.5637583892617449,0.8747022864401397,0.5121951219512195,0.6268656716417911
